tiempo_id,fecha,anio,mes,nombre_mes,dia,trimestre,dia_semana_num,dia_semana_nombre
20230101,2023-01-01,2023,1,Enero,1,1,6,Domingo
20230102,2023-01-02,2023,1,Enero,2,1,0,Lunes
20230103,2023-01-03,2023,1,Enero,3,1,1,Martes
20230104,2023-01-04,2023,1,Enero,4,1,2,Miã©rcoles
20230105,2023-01-05,2023,1,Enero,5,1,3,Jueves
20230106,2023-01-06,2023,1,Enero,6,1,4,Viernes
20230107,2023-01-07,2023,1,Enero,7,1,5,Sã¡bado
20230108,2023-01-08,2023,1,Enero,8,1,6,Domingo
20230109,2023-01-09,2023,1,Enero,9,1,0,Lunes
20230110,2023-01-10,2023,1,Enero,10,1,1,Martes
20230111,2023-01-11,2023,1,Enero,11,1,2,Miã©rcoles
20230112,2023-01-12,2023,1,Enero,12,1,3,Jueves
20230113,2023-01-13,2023,1,Enero,13,1,4,Viernes
20230114,2023-01-14,2023,1,Enero,14,1,5,Sã¡bado
20230115,2023-01-15,2023,1,Enero,15,1,6,Domingo
20230116,2023-01-16,2023,1,Enero,16,1,0,Lunes
20230117,2023-01-17,2023,1,Enero,17,1,1,Martes
20230118,2023-01-18,2023,1,Enero,18,1,2,Miã©rcoles
20230119,2023-01-19,2023,1,Enero,19,1,3,Jueves
20230120,2023-01-20,2023,1,Enero,20,1,4,Viernes
20230121,2023-01-21,2023,1,Enero,21,1,5,Sã¡bado
20230122,2023-01-22,2023,1,Enero,22,1,6,Domingo
20230123,2023-01-23,2023,1,Enero,23,1,0,Lunes
20230124,2023-01-24,2023,1,Enero,24,1,1,Martes
20230125,2023-01-25,2023,1,Enero,25,1,2,Miã©rcoles
20230126,2023-01-26,2023,1,Enero,26,1,3,Jueves
20230127,2023-01-27,2023,1,Enero,27,1,4,Viernes
20230128,2023-01-28,2023,1,Enero,28,1,5,Sã¡bado
20230129,2023-01-29,2023,1,Enero,29,1,6,Domingo
20230130,2023-01-30,2023,1,Enero,30,1,0,Lunes
20230131,2023-01-31,2023,1,Enero,31,1,1,Martes
20230201,2023-02-01,2023,2,Febrero,1,1,2,Miã©rcoles
20230202,2023-02-02,2023,2,Febrero,2,1,3,Jueves
20230203,2023-02-03,2023,2,Febrero,3,1,4,Viernes
20230204,2023-02-04,2023,2,Febrero,4,1,5,Sã¡bado
20230205,2023-02-05,2023,2,Febrero,5,1,6,Domingo
20230206,2023-02-06,2023,2,Febrero,6,1,0,Lunes
20230207,2023-02-07,2023,2,Febrero,7,1,1,Martes
20230208,2023-02-08,2023,2,Febrero,8,1,2,Miã©rcoles
20230209,2023-02-09,2023,2,Febrero,9,1,3,Jueves
20230210,2023-02-10,2023,2,Febrero,10,1,4,Viernes
20230211,2023-02-11,2023,2,Febrero,11,1,5,Sã¡bado
20230212,2023-02-12,2023,2,Febrero,12,1,6,Domingo
20230213,2023-02-13,2023,2,Febrero,13,1,0,Lunes
20230214,2023-02-14,2023,2,Febrero,14,1,1,Martes
20230215,2023-02-15,2023,2,Febrero,15,1,2,Miã©rcoles
20230216,2023-02-16,2023,2,Febrero,16,1,3,Jueves
20230217,2023-02-17,2023,2,Febrero,17,1,4,Viernes
20230218,2023-02-18,2023,2,Febrero,18,1,5,Sã¡bado
20230219,2023-02-19,2023,2,Febrero,19,1,6,Domingo
20230220,2023-02-20,2023,2,Febrero,20,1,0,Lunes
20230221,2023-02-21,2023,2,Febrero,21,1,1,Martes
20230222,2023-02-22,2023,2,Febrero,22,1,2,Miã©rcoles
20230223,2023-02-23,2023,2,Febrero,23,1,3,Jueves
20230224,2023-02-24,2023,2,Febrero,24,1,4,Viernes
20230225,2023-02-25,2023,2,Febrero,25,1,5,Sã¡bado
20230226,2023-02-26,2023,2,Febrero,26,1,6,Domingo
20230227,2023-02-27,2023,2,Febrero,27,1,0,Lunes
20230228,2023-02-28,2023,2,Febrero,28,1,1,Martes
20230301,2023-03-01,2023,3,Marzo,1,1,2,Miã©rcoles
20230302,2023-03-02,2023,3,Marzo,2,1,3,Jueves
20230303,2023-03-03,2023,3,Marzo,3,1,4,Viernes
20230304,2023-03-04,2023,3,Marzo,4,1,5,Sã¡bado
20230305,2023-03-05,2023,3,Marzo,5,1,6,Domingo
20230306,2023-03-06,2023,3,Marzo,6,1,0,Lunes
20230307,2023-03-07,2023,3,Marzo,7,1,1,Martes
20230308,2023-03-08,2023,3,Marzo,8,1,2,Miã©rcoles
20230309,2023-03-09,2023,3,Marzo,9,1,3,Jueves
20230310,2023-03-10,2023,3,Marzo,10,1,4,Viernes
20230311,2023-03-11,2023,3,Marzo,11,1,5,Sã¡bado
20230312,2023-03-12,2023,3,Marzo,12,1,6,Domingo
20230313,2023-03-13,2023,3,Marzo,13,1,0,Lunes
20230314,2023-03-14,2023,3,Marzo,14,1,1,Martes
20230315,2023-03-15,2023,3,Marzo,15,1,2,Miã©rcoles
20230316,2023-03-16,2023,3,Marzo,16,1,3,Jueves
20230317,2023-03-17,2023,3,Marzo,17,1,4,Viernes
20230318,2023-03-18,2023,3,Marzo,18,1,5,Sã¡bado
20230319,2023-03-19,2023,3,Marzo,19,1,6,Domingo
20230320,2023-03-20,2023,3,Marzo,20,1,0,Lunes
20230321,2023-03-21,2023,3,Marzo,21,1,1,Martes
20230322,2023-03-22,2023,3,Marzo,22,1,2,Miã©rcoles
20230323,2023-03-23,2023,3,Marzo,23,1,3,Jueves
20230324,2023-03-24,2023,3,Marzo,24,1,4,Viernes
20230325,2023-03-25,2023,3,Marzo,25,1,5,Sã¡bado
20230326,2023-03-26,2023,3,Marzo,26,1,6,Domingo
20230327,2023-03-27,2023,3,Marzo,27,1,0,Lunes
20230328,2023-03-28,2023,3,Marzo,28,1,1,Martes
20230329,2023-03-29,2023,3,Marzo,29,1,2,Miã©rcoles
20230330,2023-03-30,2023,3,Marzo,30,1,3,Jueves
20230331,2023-03-31,2023,3,Marzo,31,1,4,Viernes
20230401,2023-04-01,2023,4,Abril,1,2,5,Sã¡bado
20230402,2023-04-02,2023,4,Abril,2,2,6,Domingo
20230403,2023-04-03,2023,4,Abril,3,2,0,Lunes
20230404,2023-04-04,2023,4,Abril,4,2,1,Martes
20230405,2023-04-05,2023,4,Abril,5,2,2,Miã©rcoles
20230406,2023-04-06,2023,4,Abril,6,2,3,Jueves
20230407,2023-04-07,2023,4,Abril,7,2,4,Viernes
20230408,2023-04-08,2023,4,Abril,8,2,5,Sã¡bado
20230409,2023-04-09,2023,4,Abril,9,2,6,Domingo
20230410,2023-04-10,2023,4,Abril,10,2,0,Lunes
20230411,2023-04-11,2023,4,Abril,11,2,1,Martes
20230412,2023-04-12,2023,4,Abril,12,2,2,Miã©rcoles
20230413,2023-04-13,2023,4,Abril,13,2,3,Jueves
20230414,2023-04-14,2023,4,Abril,14,2,4,Viernes
20230415,2023-04-15,2023,4,Abril,15,2,5,Sã¡bado
20230416,2023-04-16,2023,4,Abril,16,2,6,Domingo
20230417,2023-04-17,2023,4,Abril,17,2,0,Lunes
20230418,2023-04-18,2023,4,Abril,18,2,1,Martes
20230419,2023-04-19,2023,4,Abril,19,2,2,Miã©rcoles
20230420,2023-04-20,2023,4,Abril,20,2,3,Jueves
20230421,2023-04-21,2023,4,Abril,21,2,4,Viernes
20230422,2023-04-22,2023,4,Abril,22,2,5,Sã¡bado
20230423,2023-04-23,2023,4,Abril,23,2,6,Domingo
20230424,2023-04-24,2023,4,Abril,24,2,0,Lunes
20230425,2023-04-25,2023,4,Abril,25,2,1,Martes
20230426,2023-04-26,2023,4,Abril,26,2,2,Miã©rcoles
20230427,2023-04-27,2023,4,Abril,27,2,3,Jueves
20230428,2023-04-28,2023,4,Abril,28,2,4,Viernes
20230429,2023-04-29,2023,4,Abril,29,2,5,Sã¡bado
20230430,2023-04-30,2023,4,Abril,30,2,6,Domingo
20230501,2023-05-01,2023,5,Mayo,1,2,0,Lunes
20230502,2023-05-02,2023,5,Mayo,2,2,1,Martes
20230503,2023-05-03,2023,5,Mayo,3,2,2,Miã©rcoles
20230504,2023-05-04,2023,5,Mayo,4,2,3,Jueves
20230505,2023-05-05,2023,5,Mayo,5,2,4,Viernes
20230506,2023-05-06,2023,5,Mayo,6,2,5,Sã¡bado
20230507,2023-05-07,2023,5,Mayo,7,2,6,Domingo
20230508,2023-05-08,2023,5,Mayo,8,2,0,Lunes
20230509,2023-05-09,2023,5,Mayo,9,2,1,Martes
20230510,2023-05-10,2023,5,Mayo,10,2,2,Miã©rcoles
20230511,2023-05-11,2023,5,Mayo,11,2,3,Jueves
20230512,2023-05-12,2023,5,Mayo,12,2,4,Viernes
20230513,2023-05-13,2023,5,Mayo,13,2,5,Sã¡bado
20230514,2023-05-14,2023,5,Mayo,14,2,6,Domingo
20230515,2023-05-15,2023,5,Mayo,15,2,0,Lunes
20230516,2023-05-16,2023,5,Mayo,16,2,1,Martes
20230517,2023-05-17,2023,5,Mayo,17,2,2,Miã©rcoles
20230518,2023-05-18,2023,5,Mayo,18,2,3,Jueves
20230519,2023-05-19,2023,5,Mayo,19,2,4,Viernes
20230520,2023-05-20,2023,5,Mayo,20,2,5,Sã¡bado
20230521,2023-05-21,2023,5,Mayo,21,2,6,Domingo
20230522,2023-05-22,2023,5,Mayo,22,2,0,Lunes
20230523,2023-05-23,2023,5,Mayo,23,2,1,Martes
20230524,2023-05-24,2023,5,Mayo,24,2,2,Miã©rcoles
20230525,2023-05-25,2023,5,Mayo,25,2,3,Jueves
20230526,2023-05-26,2023,5,Mayo,26,2,4,Viernes
20230527,2023-05-27,2023,5,Mayo,27,2,5,Sã¡bado
20230528,2023-05-28,2023,5,Mayo,28,2,6,Domingo
20230529,2023-05-29,2023,5,Mayo,29,2,0,Lunes
20230530,2023-05-30,2023,5,Mayo,30,2,1,Martes
20230531,2023-05-31,2023,5,Mayo,31,2,2,Miã©rcoles
20230601,2023-06-01,2023,6,Junio,1,2,3,Jueves
20230602,2023-06-02,2023,6,Junio,2,2,4,Viernes
20230603,2023-06-03,2023,6,Junio,3,2,5,Sã¡bado
20230604,2023-06-04,2023,6,Junio,4,2,6,Domingo
20230605,2023-06-05,2023,6,Junio,5,2,0,Lunes
20230606,2023-06-06,2023,6,Junio,6,2,1,Martes
20230607,2023-06-07,2023,6,Junio,7,2,2,Miã©rcoles
20230608,2023-06-08,2023,6,Junio,8,2,3,Jueves
20230609,2023-06-09,2023,6,Junio,9,2,4,Viernes
20230610,2023-06-10,2023,6,Junio,10,2,5,Sã¡bado
20230611,2023-06-11,2023,6,Junio,11,2,6,Domingo
20230612,2023-06-12,2023,6,Junio,12,2,0,Lunes
20230613,2023-06-13,2023,6,Junio,13,2,1,Martes
20230614,2023-06-14,2023,6,Junio,14,2,2,Miã©rcoles
20230615,2023-06-15,2023,6,Junio,15,2,3,Jueves
20230616,2023-06-16,2023,6,Junio,16,2,4,Viernes
20230617,2023-06-17,2023,6,Junio,17,2,5,Sã¡bado
20230618,2023-06-18,2023,6,Junio,18,2,6,Domingo
20230619,2023-06-19,2023,6,Junio,19,2,0,Lunes
20230620,2023-06-20,2023,6,Junio,20,2,1,Martes
20230621,2023-06-21,2023,6,Junio,21,2,2,Miã©rcoles
20230622,2023-06-22,2023,6,Junio,22,2,3,Jueves
20230623,2023-06-23,2023,6,Junio,23,2,4,Viernes
20230624,2023-06-24,2023,6,Junio,24,2,5,Sã¡bado
20230625,2023-06-25,2023,6,Junio,25,2,6,Domingo
20230626,2023-06-26,2023,6,Junio,26,2,0,Lunes
20230627,2023-06-27,2023,6,Junio,27,2,1,Martes
20230628,2023-06-28,2023,6,Junio,28,2,2,Miã©rcoles
20230629,2023-06-29,2023,6,Junio,29,2,3,Jueves
20230630,2023-06-30,2023,6,Junio,30,2,4,Viernes
20230701,2023-07-01,2023,7,Julio,1,3,5,Sã¡bado
20230702,2023-07-02,2023,7,Julio,2,3,6,Domingo
20230703,2023-07-03,2023,7,Julio,3,3,0,Lunes
20230704,2023-07-04,2023,7,Julio,4,3,1,Martes
20230705,2023-07-05,2023,7,Julio,5,3,2,Miã©rcoles
20230706,2023-07-06,2023,7,Julio,6,3,3,Jueves
20230707,2023-07-07,2023,7,Julio,7,3,4,Viernes
20230708,2023-07-08,2023,7,Julio,8,3,5,Sã¡bado
20230709,2023-07-09,2023,7,Julio,9,3,6,Domingo
20230710,2023-07-10,2023,7,Julio,10,3,0,Lunes
20230711,2023-07-11,2023,7,Julio,11,3,1,Martes
20230712,2023-07-12,2023,7,Julio,12,3,2,Miã©rcoles
20230713,2023-07-13,2023,7,Julio,13,3,3,Jueves
20230714,2023-07-14,2023,7,Julio,14,3,4,Viernes
20230715,2023-07-15,2023,7,Julio,15,3,5,Sã¡bado
20230716,2023-07-16,2023,7,Julio,16,3,6,Domingo
20230717,2023-07-17,2023,7,Julio,17,3,0,Lunes
20230718,2023-07-18,2023,7,Julio,18,3,1,Martes
20230719,2023-07-19,2023,7,Julio,19,3,2,Miã©rcoles
20230720,2023-07-20,2023,7,Julio,20,3,3,Jueves
20230721,2023-07-21,2023,7,Julio,21,3,4,Viernes
20230722,2023-07-22,2023,7,Julio,22,3,5,Sã¡bado
20230723,2023-07-23,2023,7,Julio,23,3,6,Domingo
20230724,2023-07-24,2023,7,Julio,24,3,0,Lunes
20230725,2023-07-25,2023,7,Julio,25,3,1,Martes
20230726,2023-07-26,2023,7,Julio,26,3,2,Miã©rcoles
20230727,2023-07-27,2023,7,Julio,27,3,3,Jueves
20230728,2023-07-28,2023,7,Julio,28,3,4,Viernes
20230729,2023-07-29,2023,7,Julio,29,3,5,Sã¡bado
20230730,2023-07-30,2023,7,Julio,30,3,6,Domingo
20230731,2023-07-31,2023,7,Julio,31,3,0,Lunes
20230801,2023-08-01,2023,8,Agosto,1,3,1,Martes
20230802,2023-08-02,2023,8,Agosto,2,3,2,Miã©rcoles
20230803,2023-08-03,2023,8,Agosto,3,3,3,Jueves
20230804,2023-08-04,2023,8,Agosto,4,3,4,Viernes
20230805,2023-08-05,2023,8,Agosto,5,3,5,Sã¡bado
20230806,2023-08-06,2023,8,Agosto,6,3,6,Domingo
20230807,2023-08-07,2023,8,Agosto,7,3,0,Lunes
20230808,2023-08-08,2023,8,Agosto,8,3,1,Martes
20230809,2023-08-09,2023,8,Agosto,9,3,2,Miã©rcoles
20230810,2023-08-10,2023,8,Agosto,10,3,3,Jueves
20230811,2023-08-11,2023,8,Agosto,11,3,4,Viernes
20230812,2023-08-12,2023,8,Agosto,12,3,5,Sã¡bado
20230813,2023-08-13,2023,8,Agosto,13,3,6,Domingo
20230814,2023-08-14,2023,8,Agosto,14,3,0,Lunes
20230815,2023-08-15,2023,8,Agosto,15,3,1,Martes
20230816,2023-08-16,2023,8,Agosto,16,3,2,Miã©rcoles
20230817,2023-08-17,2023,8,Agosto,17,3,3,Jueves
20230818,2023-08-18,2023,8,Agosto,18,3,4,Viernes
20230819,2023-08-19,2023,8,Agosto,19,3,5,Sã¡bado
20230820,2023-08-20,2023,8,Agosto,20,3,6,Domingo
20230821,2023-08-21,2023,8,Agosto,21,3,0,Lunes
20230822,2023-08-22,2023,8,Agosto,22,3,1,Martes
20230823,2023-08-23,2023,8,Agosto,23,3,2,Miã©rcoles
20230824,2023-08-24,2023,8,Agosto,24,3,3,Jueves
20230825,2023-08-25,2023,8,Agosto,25,3,4,Viernes
20230826,2023-08-26,2023,8,Agosto,26,3,5,Sã¡bado
20230827,2023-08-27,2023,8,Agosto,27,3,6,Domingo
20230828,2023-08-28,2023,8,Agosto,28,3,0,Lunes
20230829,2023-08-29,2023,8,Agosto,29,3,1,Martes
20230830,2023-08-30,2023,8,Agosto,30,3,2,Miã©rcoles
20230831,2023-08-31,2023,8,Agosto,31,3,3,Jueves
20230901,2023-09-01,2023,9,Septiembre,1,3,4,Viernes
20230902,2023-09-02,2023,9,Septiembre,2,3,5,Sã¡bado
20230903,2023-09-03,2023,9,Septiembre,3,3,6,Domingo
20230904,2023-09-04,2023,9,Septiembre,4,3,0,Lunes
20230905,2023-09-05,2023,9,Septiembre,5,3,1,Martes
20230906,2023-09-06,2023,9,Septiembre,6,3,2,Miã©rcoles
20230907,2023-09-07,2023,9,Septiembre,7,3,3,Jueves
20230908,2023-09-08,2023,9,Septiembre,8,3,4,Viernes
20230909,2023-09-09,2023,9,Septiembre,9,3,5,Sã¡bado
20230910,2023-09-10,2023,9,Septiembre,10,3,6,Domingo
20230911,2023-09-11,2023,9,Septiembre,11,3,0,Lunes
20230912,2023-09-12,2023,9,Septiembre,12,3,1,Martes
20230913,2023-09-13,2023,9,Septiembre,13,3,2,Miã©rcoles
20230914,2023-09-14,2023,9,Septiembre,14,3,3,Jueves
20230915,2023-09-15,2023,9,Septiembre,15,3,4,Viernes
20230916,2023-09-16,2023,9,Septiembre,16,3,5,Sã¡bado
20230917,2023-09-17,2023,9,Septiembre,17,3,6,Domingo
20230918,2023-09-18,2023,9,Septiembre,18,3,0,Lunes
20230919,2023-09-19,2023,9,Septiembre,19,3,1,Martes
20230920,2023-09-20,2023,9,Septiembre,20,3,2,Miã©rcoles
20230921,2023-09-21,2023,9,Septiembre,21,3,3,Jueves
20230922,2023-09-22,2023,9,Septiembre,22,3,4,Viernes
20230923,2023-09-23,2023,9,Septiembre,23,3,5,Sã¡bado
20230924,2023-09-24,2023,9,Septiembre,24,3,6,Domingo
20230925,2023-09-25,2023,9,Septiembre,25,3,0,Lunes
20230926,2023-09-26,2023,9,Septiembre,26,3,1,Martes
20230927,2023-09-27,2023,9,Septiembre,27,3,2,Miã©rcoles
20230928,2023-09-28,2023,9,Septiembre,28,3,3,Jueves
20230929,2023-09-29,2023,9,Septiembre,29,3,4,Viernes
20230930,2023-09-30,2023,9,Septiembre,30,3,5,Sã¡bado
20231001,2023-10-01,2023,10,Octubre,1,4,6,Domingo
20231002,2023-10-02,2023,10,Octubre,2,4,0,Lunes
20231003,2023-10-03,2023,10,Octubre,3,4,1,Martes
20231004,2023-10-04,2023,10,Octubre,4,4,2,Miã©rcoles
20231005,2023-10-05,2023,10,Octubre,5,4,3,Jueves
20231006,2023-10-06,2023,10,Octubre,6,4,4,Viernes
20231007,2023-10-07,2023,10,Octubre,7,4,5,Sã¡bado
20231008,2023-10-08,2023,10,Octubre,8,4,6,Domingo
20231009,2023-10-09,2023,10,Octubre,9,4,0,Lunes
20231010,2023-10-10,2023,10,Octubre,10,4,1,Martes
20231011,2023-10-11,2023,10,Octubre,11,4,2,Miã©rcoles
20231012,2023-10-12,2023,10,Octubre,12,4,3,Jueves
20231013,2023-10-13,2023,10,Octubre,13,4,4,Viernes
20231014,2023-10-14,2023,10,Octubre,14,4,5,Sã¡bado
20231015,2023-10-15,2023,10,Octubre,15,4,6,Domingo
20231016,2023-10-16,2023,10,Octubre,16,4,0,Lunes
20231017,2023-10-17,2023,10,Octubre,17,4,1,Martes
20231018,2023-10-18,2023,10,Octubre,18,4,2,Miã©rcoles
20231019,2023-10-19,2023,10,Octubre,19,4,3,Jueves
20231020,2023-10-20,2023,10,Octubre,20,4,4,Viernes
20231021,2023-10-21,2023,10,Octubre,21,4,5,Sã¡bado
20231022,2023-10-22,2023,10,Octubre,22,4,6,Domingo
20231023,2023-10-23,2023,10,Octubre,23,4,0,Lunes
20231024,2023-10-24,2023,10,Octubre,24,4,1,Martes
20231025,2023-10-25,2023,10,Octubre,25,4,2,Miã©rcoles
20231026,2023-10-26,2023,10,Octubre,26,4,3,Jueves
20231027,2023-10-27,2023,10,Octubre,27,4,4,Viernes
20231028,2023-10-28,2023,10,Octubre,28,4,5,Sã¡bado
20231029,2023-10-29,2023,10,Octubre,29,4,6,Domingo
20231030,2023-10-30,2023,10,Octubre,30,4,0,Lunes
20231031,2023-10-31,2023,10,Octubre,31,4,1,Martes
20231101,2023-11-01,2023,11,Noviembre,1,4,2,Miã©rcoles
20231102,2023-11-02,2023,11,Noviembre,2,4,3,Jueves
20231103,2023-11-03,2023,11,Noviembre,3,4,4,Viernes
20231104,2023-11-04,2023,11,Noviembre,4,4,5,Sã¡bado
20231105,2023-11-05,2023,11,Noviembre,5,4,6,Domingo
20231106,2023-11-06,2023,11,Noviembre,6,4,0,Lunes
20231107,2023-11-07,2023,11,Noviembre,7,4,1,Martes
20231108,2023-11-08,2023,11,Noviembre,8,4,2,Miã©rcoles
20231109,2023-11-09,2023,11,Noviembre,9,4,3,Jueves
20231110,2023-11-10,2023,11,Noviembre,10,4,4,Viernes
20231111,2023-11-11,2023,11,Noviembre,11,4,5,Sã¡bado
20231112,2023-11-12,2023,11,Noviembre,12,4,6,Domingo
20231113,2023-11-13,2023,11,Noviembre,13,4,0,Lunes
20231114,2023-11-14,2023,11,Noviembre,14,4,1,Martes
20231115,2023-11-15,2023,11,Noviembre,15,4,2,Miã©rcoles
20231116,2023-11-16,2023,11,Noviembre,16,4,3,Jueves
20231117,2023-11-17,2023,11,Noviembre,17,4,4,Viernes
20231118,2023-11-18,2023,11,Noviembre,18,4,5,Sã¡bado
20231119,2023-11-19,2023,11,Noviembre,19,4,6,Domingo
20231120,2023-11-20,2023,11,Noviembre,20,4,0,Lunes
20231121,2023-11-21,2023,11,Noviembre,21,4,1,Martes
20231122,2023-11-22,2023,11,Noviembre,22,4,2,Miã©rcoles
20231123,2023-11-23,2023,11,Noviembre,23,4,3,Jueves
20231124,2023-11-24,2023,11,Noviembre,24,4,4,Viernes
20231125,2023-11-25,2023,11,Noviembre,25,4,5,Sã¡bado
20231126,2023-11-26,2023,11,Noviembre,26,4,6,Domingo
20231127,2023-11-27,2023,11,Noviembre,27,4,0,Lunes
20231128,2023-11-28,2023,11,Noviembre,28,4,1,Martes
20231129,2023-11-29,2023,11,Noviembre,29,4,2,Miã©rcoles
20231130,2023-11-30,2023,11,Noviembre,30,4,3,Jueves
20231201,2023-12-01,2023,12,Diciembre,1,4,4,Viernes
20231202,2023-12-02,2023,12,Diciembre,2,4,5,Sã¡bado
20231203,2023-12-03,2023,12,Diciembre,3,4,6,Domingo
20231204,2023-12-04,2023,12,Diciembre,4,4,0,Lunes
20231205,2023-12-05,2023,12,Diciembre,5,4,1,Martes
20231206,2023-12-06,2023,12,Diciembre,6,4,2,Miã©rcoles
20231207,2023-12-07,2023,12,Diciembre,7,4,3,Jueves
20231208,2023-12-08,2023,12,Diciembre,8,4,4,Viernes
20231209,2023-12-09,2023,12,Diciembre,9,4,5,Sã¡bado
20231210,2023-12-10,2023,12,Diciembre,10,4,6,Domingo
20231211,2023-12-11,2023,12,Diciembre,11,4,0,Lunes
20231212,2023-12-12,2023,12,Diciembre,12,4,1,Martes
20231213,2023-12-13,2023,12,Diciembre,13,4,2,Miã©rcoles
20231214,2023-12-14,2023,12,Diciembre,14,4,3,Jueves
20231215,2023-12-15,2023,12,Diciembre,15,4,4,Viernes
20231216,2023-12-16,2023,12,Diciembre,16,4,5,Sã¡bado
20231217,2023-12-17,2023,12,Diciembre,17,4,6,Domingo
20231218,2023-12-18,2023,12,Diciembre,18,4,0,Lunes
20231219,2023-12-19,2023,12,Diciembre,19,4,1,Martes
20231220,2023-12-20,2023,12,Diciembre,20,4,2,Miã©rcoles
20231221,2023-12-21,2023,12,Diciembre,21,4,3,Jueves
20231222,2023-12-22,2023,12,Diciembre,22,4,4,Viernes
20231223,2023-12-23,2023,12,Diciembre,23,4,5,Sã¡bado
20231224,2023-12-24,2023,12,Diciembre,24,4,6,Domingo
20231225,2023-12-25,2023,12,Diciembre,25,4,0,Lunes
20231226,2023-12-26,2023,12,Diciembre,26,4,1,Martes
20231227,2023-12-27,2023,12,Diciembre,27,4,2,Miã©rcoles
20231228,2023-12-28,2023,12,Diciembre,28,4,3,Jueves
20231229,2023-12-29,2023,12,Diciembre,29,4,4,Viernes
20231230,2023-12-30,2023,12,Diciembre,30,4,5,Sã¡bado
20231231,2023-12-31,2023,12,Diciembre,31,4,6,Domingo
20240101,2024-01-01,2024,1,Enero,1,1,0,Lunes
20240102,2024-01-02,2024,1,Enero,2,1,1,Martes
20240103,2024-01-03,2024,1,Enero,3,1,2,Miã©rcoles
20240104,2024-01-04,2024,1,Enero,4,1,3,Jueves
20240105,2024-01-05,2024,1,Enero,5,1,4,Viernes
20240106,2024-01-06,2024,1,Enero,6,1,5,Sã¡bado
20240107,2024-01-07,2024,1,Enero,7,1,6,Domingo
20240108,2024-01-08,2024,1,Enero,8,1,0,Lunes
20240109,2024-01-09,2024,1,Enero,9,1,1,Martes
20240110,2024-01-10,2024,1,Enero,10,1,2,Miã©rcoles
20240111,2024-01-11,2024,1,Enero,11,1,3,Jueves
20240112,2024-01-12,2024,1,Enero,12,1,4,Viernes
20240113,2024-01-13,2024,1,Enero,13,1,5,Sã¡bado
20240114,2024-01-14,2024,1,Enero,14,1,6,Domingo
20240115,2024-01-15,2024,1,Enero,15,1,0,Lunes
20240116,2024-01-16,2024,1,Enero,16,1,1,Martes
20240117,2024-01-17,2024,1,Enero,17,1,2,Miã©rcoles
20240118,2024-01-18,2024,1,Enero,18,1,3,Jueves
20240119,2024-01-19,2024,1,Enero,19,1,4,Viernes
20240120,2024-01-20,2024,1,Enero,20,1,5,Sã¡bado
20240121,2024-01-21,2024,1,Enero,21,1,6,Domingo
20240122,2024-01-22,2024,1,Enero,22,1,0,Lunes
20240123,2024-01-23,2024,1,Enero,23,1,1,Martes
20240124,2024-01-24,2024,1,Enero,24,1,2,Miã©rcoles
20240125,2024-01-25,2024,1,Enero,25,1,3,Jueves
20240126,2024-01-26,2024,1,Enero,26,1,4,Viernes
20240127,2024-01-27,2024,1,Enero,27,1,5,Sã¡bado
20240128,2024-01-28,2024,1,Enero,28,1,6,Domingo
20240129,2024-01-29,2024,1,Enero,29,1,0,Lunes
20240130,2024-01-30,2024,1,Enero,30,1,1,Martes
20240131,2024-01-31,2024,1,Enero,31,1,2,Miã©rcoles
20240201,2024-02-01,2024,2,Febrero,1,1,3,Jueves
20240202,2024-02-02,2024,2,Febrero,2,1,4,Viernes
20240203,2024-02-03,2024,2,Febrero,3,1,5,Sã¡bado
20240204,2024-02-04,2024,2,Febrero,4,1,6,Domingo
20240205,2024-02-05,2024,2,Febrero,5,1,0,Lunes
20240206,2024-02-06,2024,2,Febrero,6,1,1,Martes
20240207,2024-02-07,2024,2,Febrero,7,1,2,Miã©rcoles
20240208,2024-02-08,2024,2,Febrero,8,1,3,Jueves
20240209,2024-02-09,2024,2,Febrero,9,1,4,Viernes
20240210,2024-02-10,2024,2,Febrero,10,1,5,Sã¡bado
20240211,2024-02-11,2024,2,Febrero,11,1,6,Domingo
20240212,2024-02-12,2024,2,Febrero,12,1,0,Lunes
20240213,2024-02-13,2024,2,Febrero,13,1,1,Martes
20240214,2024-02-14,2024,2,Febrero,14,1,2,Miã©rcoles
20240215,2024-02-15,2024,2,Febrero,15,1,3,Jueves
20240216,2024-02-16,2024,2,Febrero,16,1,4,Viernes
20240217,2024-02-17,2024,2,Febrero,17,1,5,Sã¡bado
20240218,2024-02-18,2024,2,Febrero,18,1,6,Domingo
20240219,2024-02-19,2024,2,Febrero,19,1,0,Lunes
20240220,2024-02-20,2024,2,Febrero,20,1,1,Martes
20240221,2024-02-21,2024,2,Febrero,21,1,2,Miã©rcoles
20240222,2024-02-22,2024,2,Febrero,22,1,3,Jueves
20240223,2024-02-23,2024,2,Febrero,23,1,4,Viernes
20240224,2024-02-24,2024,2,Febrero,24,1,5,Sã¡bado
20240225,2024-02-25,2024,2,Febrero,25,1,6,Domingo
20240226,2024-02-26,2024,2,Febrero,26,1,0,Lunes
20240227,2024-02-27,2024,2,Febrero,27,1,1,Martes
20240228,2024-02-28,2024,2,Febrero,28,1,2,Miã©rcoles
20240229,2024-02-29,2024,2,Febrero,29,1,3,Jueves
20240301,2024-03-01,2024,3,Marzo,1,1,4,Viernes
20240302,2024-03-02,2024,3,Marzo,2,1,5,Sã¡bado
20240303,2024-03-03,2024,3,Marzo,3,1,6,Domingo
20240304,2024-03-04,2024,3,Marzo,4,1,0,Lunes
20240305,2024-03-05,2024,3,Marzo,5,1,1,Martes
20240306,2024-03-06,2024,3,Marzo,6,1,2,Miã©rcoles
20240307,2024-03-07,2024,3,Marzo,7,1,3,Jueves
20240308,2024-03-08,2024,3,Marzo,8,1,4,Viernes
20240309,2024-03-09,2024,3,Marzo,9,1,5,Sã¡bado
20240310,2024-03-10,2024,3,Marzo,10,1,6,Domingo
20240311,2024-03-11,2024,3,Marzo,11,1,0,Lunes
20240312,2024-03-12,2024,3,Marzo,12,1,1,Martes
20240313,2024-03-13,2024,3,Marzo,13,1,2,Miã©rcoles
20240314,2024-03-14,2024,3,Marzo,14,1,3,Jueves
20240315,2024-03-15,2024,3,Marzo,15,1,4,Viernes
20240316,2024-03-16,2024,3,Marzo,16,1,5,Sã¡bado
20240317,2024-03-17,2024,3,Marzo,17,1,6,Domingo
20240318,2024-03-18,2024,3,Marzo,18,1,0,Lunes
20240319,2024-03-19,2024,3,Marzo,19,1,1,Martes
20240320,2024-03-20,2024,3,Marzo,20,1,2,Miã©rcoles
20240321,2024-03-21,2024,3,Marzo,21,1,3,Jueves
20240322,2024-03-22,2024,3,Marzo,22,1,4,Viernes
20240323,2024-03-23,2024,3,Marzo,23,1,5,Sã¡bado
20240324,2024-03-24,2024,3,Marzo,24,1,6,Domingo
20240325,2024-03-25,2024,3,Marzo,25,1,0,Lunes
20240326,2024-03-26,2024,3,Marzo,26,1,1,Martes
20240327,2024-03-27,2024,3,Marzo,27,1,2,Miã©rcoles
20240328,2024-03-28,2024,3,Marzo,28,1,3,Jueves
20240329,2024-03-29,2024,3,Marzo,29,1,4,Viernes
20240330,2024-03-30,2024,3,Marzo,30,1,5,Sã¡bado
20240331,2024-03-31,2024,3,Marzo,31,1,6,Domingo
20240401,2024-04-01,2024,4,Abril,1,2,0,Lunes
20240402,2024-04-02,2024,4,Abril,2,2,1,Martes
20240403,2024-04-03,2024,4,Abril,3,2,2,Miã©rcoles
20240404,2024-04-04,2024,4,Abril,4,2,3,Jueves
20240405,2024-04-05,2024,4,Abril,5,2,4,Viernes
20240406,2024-04-06,2024,4,Abril,6,2,5,Sã¡bado
20240407,2024-04-07,2024,4,Abril,7,2,6,Domingo
20240408,2024-04-08,2024,4,Abril,8,2,0,Lunes
20240409,2024-04-09,2024,4,Abril,9,2,1,Martes
20240410,2024-04-10,2024,4,Abril,10,2,2,Miã©rcoles
20240411,2024-04-11,2024,4,Abril,11,2,3,Jueves
20240412,2024-04-12,2024,4,Abril,12,2,4,Viernes
20240413,2024-04-13,2024,4,Abril,13,2,5,Sã¡bado
20240414,2024-04-14,2024,4,Abril,14,2,6,Domingo
20240415,2024-04-15,2024,4,Abril,15,2,0,Lunes
20240416,2024-04-16,2024,4,Abril,16,2,1,Martes
20240417,2024-04-17,2024,4,Abril,17,2,2,Miã©rcoles
20240418,2024-04-18,2024,4,Abril,18,2,3,Jueves
20240419,2024-04-19,2024,4,Abril,19,2,4,Viernes
20240420,2024-04-20,2024,4,Abril,20,2,5,Sã¡bado
20240421,2024-04-21,2024,4,Abril,21,2,6,Domingo
20240422,2024-04-22,2024,4,Abril,22,2,0,Lunes
20240423,2024-04-23,2024,4,Abril,23,2,1,Martes
20240424,2024-04-24,2024,4,Abril,24,2,2,Miã©rcoles
20240425,2024-04-25,2024,4,Abril,25,2,3,Jueves
20240426,2024-04-26,2024,4,Abril,26,2,4,Viernes
20240427,2024-04-27,2024,4,Abril,27,2,5,Sã¡bado
20240428,2024-04-28,2024,4,Abril,28,2,6,Domingo
20240429,2024-04-29,2024,4,Abril,29,2,0,Lunes
20240430,2024-04-30,2024,4,Abril,30,2,1,Martes
20240501,2024-05-01,2024,5,Mayo,1,2,2,Miã©rcoles
20240502,2024-05-02,2024,5,Mayo,2,2,3,Jueves
20240503,2024-05-03,2024,5,Mayo,3,2,4,Viernes
20240504,2024-05-04,2024,5,Mayo,4,2,5,Sã¡bado
20240505,2024-05-05,2024,5,Mayo,5,2,6,Domingo
20240506,2024-05-06,2024,5,Mayo,6,2,0,Lunes
20240507,2024-05-07,2024,5,Mayo,7,2,1,Martes
20240508,2024-05-08,2024,5,Mayo,8,2,2,Miã©rcoles
20240509,2024-05-09,2024,5,Mayo,9,2,3,Jueves
20240510,2024-05-10,2024,5,Mayo,10,2,4,Viernes
20240511,2024-05-11,2024,5,Mayo,11,2,5,Sã¡bado
20240512,2024-05-12,2024,5,Mayo,12,2,6,Domingo
20240513,2024-05-13,2024,5,Mayo,13,2,0,Lunes
20240514,2024-05-14,2024,5,Mayo,14,2,1,Martes
20240515,2024-05-15,2024,5,Mayo,15,2,2,Miã©rcoles
20240516,2024-05-16,2024,5,Mayo,16,2,3,Jueves
20240517,2024-05-17,2024,5,Mayo,17,2,4,Viernes
20240518,2024-05-18,2024,5,Mayo,18,2,5,Sã¡bado
20240519,2024-05-19,2024,5,Mayo,19,2,6,Domingo
20240520,2024-05-20,2024,5,Mayo,20,2,0,Lunes
20240521,2024-05-21,2024,5,Mayo,21,2,1,Martes
20240522,2024-05-22,2024,5,Mayo,22,2,2,Miã©rcoles
20240523,2024-05-23,2024,5,Mayo,23,2,3,Jueves
20240524,2024-05-24,2024,5,Mayo,24,2,4,Viernes
20240525,2024-05-25,2024,5,Mayo,25,2,5,Sã¡bado
20240526,2024-05-26,2024,5,Mayo,26,2,6,Domingo
20240527,2024-05-27,2024,5,Mayo,27,2,0,Lunes
20240528,2024-05-28,2024,5,Mayo,28,2,1,Martes
20240529,2024-05-29,2024,5,Mayo,29,2,2,Miã©rcoles
20240530,2024-05-30,2024,5,Mayo,30,2,3,Jueves
20240531,2024-05-31,2024,5,Mayo,31,2,4,Viernes
20240601,2024-06-01,2024,6,Junio,1,2,5,Sã¡bado
20240602,2024-06-02,2024,6,Junio,2,2,6,Domingo
20240603,2024-06-03,2024,6,Junio,3,2,0,Lunes
20240604,2024-06-04,2024,6,Junio,4,2,1,Martes
20240605,2024-06-05,2024,6,Junio,5,2,2,Miã©rcoles
20240606,2024-06-06,2024,6,Junio,6,2,3,Jueves
20240607,2024-06-07,2024,6,Junio,7,2,4,Viernes
20240608,2024-06-08,2024,6,Junio,8,2,5,Sã¡bado
20240609,2024-06-09,2024,6,Junio,9,2,6,Domingo
20240610,2024-06-10,2024,6,Junio,10,2,0,Lunes
20240611,2024-06-11,2024,6,Junio,11,2,1,Martes
20240612,2024-06-12,2024,6,Junio,12,2,2,Miã©rcoles
20240613,2024-06-13,2024,6,Junio,13,2,3,Jueves
20240614,2024-06-14,2024,6,Junio,14,2,4,Viernes
20240615,2024-06-15,2024,6,Junio,15,2,5,Sã¡bado
20240616,2024-06-16,2024,6,Junio,16,2,6,Domingo
20240617,2024-06-17,2024,6,Junio,17,2,0,Lunes
20240618,2024-06-18,2024,6,Junio,18,2,1,Martes
20240619,2024-06-19,2024,6,Junio,19,2,2,Miã©rcoles
20240620,2024-06-20,2024,6,Junio,20,2,3,Jueves
20240621,2024-06-21,2024,6,Junio,21,2,4,Viernes
20240622,2024-06-22,2024,6,Junio,22,2,5,Sã¡bado
20240623,2024-06-23,2024,6,Junio,23,2,6,Domingo
20240624,2024-06-24,2024,6,Junio,24,2,0,Lunes
20240625,2024-06-25,2024,6,Junio,25,2,1,Martes
20240626,2024-06-26,2024,6,Junio,26,2,2,Miã©rcoles
20240627,2024-06-27,2024,6,Junio,27,2,3,Jueves
20240628,2024-06-28,2024,6,Junio,28,2,4,Viernes
20240629,2024-06-29,2024,6,Junio,29,2,5,Sã¡bado
20240630,2024-06-30,2024,6,Junio,30,2,6,Domingo
20240701,2024-07-01,2024,7,Julio,1,3,0,Lunes
20240702,2024-07-02,2024,7,Julio,2,3,1,Martes
20240703,2024-07-03,2024,7,Julio,3,3,2,Miã©rcoles
20240704,2024-07-04,2024,7,Julio,4,3,3,Jueves
20240705,2024-07-05,2024,7,Julio,5,3,4,Viernes
20240706,2024-07-06,2024,7,Julio,6,3,5,Sã¡bado
20240707,2024-07-07,2024,7,Julio,7,3,6,Domingo
20240708,2024-07-08,2024,7,Julio,8,3,0,Lunes
20240709,2024-07-09,2024,7,Julio,9,3,1,Martes
20240710,2024-07-10,2024,7,Julio,10,3,2,Miã©rcoles
20240711,2024-07-11,2024,7,Julio,11,3,3,Jueves
20240712,2024-07-12,2024,7,Julio,12,3,4,Viernes
20240713,2024-07-13,2024,7,Julio,13,3,5,Sã¡bado
20240714,2024-07-14,2024,7,Julio,14,3,6,Domingo
20240715,2024-07-15,2024,7,Julio,15,3,0,Lunes
20240716,2024-07-16,2024,7,Julio,16,3,1,Martes
20240717,2024-07-17,2024,7,Julio,17,3,2,Miã©rcoles
20240718,2024-07-18,2024,7,Julio,18,3,3,Jueves
20240719,2024-07-19,2024,7,Julio,19,3,4,Viernes
20240720,2024-07-20,2024,7,Julio,20,3,5,Sã¡bado
20240721,2024-07-21,2024,7,Julio,21,3,6,Domingo
20240722,2024-07-22,2024,7,Julio,22,3,0,Lunes
20240723,2024-07-23,2024,7,Julio,23,3,1,Martes
20240724,2024-07-24,2024,7,Julio,24,3,2,Miã©rcoles
20240725,2024-07-25,2024,7,Julio,25,3,3,Jueves
20240726,2024-07-26,2024,7,Julio,26,3,4,Viernes
20240727,2024-07-27,2024,7,Julio,27,3,5,Sã¡bado
20240728,2024-07-28,2024,7,Julio,28,3,6,Domingo
20240729,2024-07-29,2024,7,Julio,29,3,0,Lunes
20240730,2024-07-30,2024,7,Julio,30,3,1,Martes
20240731,2024-07-31,2024,7,Julio,31,3,2,Miã©rcoles
20240801,2024-08-01,2024,8,Agosto,1,3,3,Jueves
20240802,2024-08-02,2024,8,Agosto,2,3,4,Viernes
20240803,2024-08-03,2024,8,Agosto,3,3,5,Sã¡bado
20240804,2024-08-04,2024,8,Agosto,4,3,6,Domingo
20240805,2024-08-05,2024,8,Agosto,5,3,0,Lunes
20240806,2024-08-06,2024,8,Agosto,6,3,1,Martes
20240807,2024-08-07,2024,8,Agosto,7,3,2,Miã©rcoles
20240808,2024-08-08,2024,8,Agosto,8,3,3,Jueves
20240809,2024-08-09,2024,8,Agosto,9,3,4,Viernes
20240810,2024-08-10,2024,8,Agosto,10,3,5,Sã¡bado
20240811,2024-08-11,2024,8,Agosto,11,3,6,Domingo
20240812,2024-08-12,2024,8,Agosto,12,3,0,Lunes
20240813,2024-08-13,2024,8,Agosto,13,3,1,Martes
20240814,2024-08-14,2024,8,Agosto,14,3,2,Miã©rcoles
20240815,2024-08-15,2024,8,Agosto,15,3,3,Jueves
20240816,2024-08-16,2024,8,Agosto,16,3,4,Viernes
20240817,2024-08-17,2024,8,Agosto,17,3,5,Sã¡bado
20240818,2024-08-18,2024,8,Agosto,18,3,6,Domingo
20240819,2024-08-19,2024,8,Agosto,19,3,0,Lunes
20240820,2024-08-20,2024,8,Agosto,20,3,1,Martes
20240821,2024-08-21,2024,8,Agosto,21,3,2,Miã©rcoles
20240822,2024-08-22,2024,8,Agosto,22,3,3,Jueves
20240823,2024-08-23,2024,8,Agosto,23,3,4,Viernes
20240824,2024-08-24,2024,8,Agosto,24,3,5,Sã¡bado
20240825,2024-08-25,2024,8,Agosto,25,3,6,Domingo
20240826,2024-08-26,2024,8,Agosto,26,3,0,Lunes
20240827,2024-08-27,2024,8,Agosto,27,3,1,Martes
20240828,2024-08-28,2024,8,Agosto,28,3,2,Miã©rcoles
20240829,2024-08-29,2024,8,Agosto,29,3,3,Jueves
20240830,2024-08-30,2024,8,Agosto,30,3,4,Viernes
20240831,2024-08-31,2024,8,Agosto,31,3,5,Sã¡bado
20240901,2024-09-01,2024,9,Septiembre,1,3,6,Domingo
20240902,2024-09-02,2024,9,Septiembre,2,3,0,Lunes
20240903,2024-09-03,2024,9,Septiembre,3,3,1,Martes
20240904,2024-09-04,2024,9,Septiembre,4,3,2,Miã©rcoles
20240905,2024-09-05,2024,9,Septiembre,5,3,3,Jueves
20240906,2024-09-06,2024,9,Septiembre,6,3,4,Viernes
20240907,2024-09-07,2024,9,Septiembre,7,3,5,Sã¡bado
20240908,2024-09-08,2024,9,Septiembre,8,3,6,Domingo
20240909,2024-09-09,2024,9,Septiembre,9,3,0,Lunes
20240910,2024-09-10,2024,9,Septiembre,10,3,1,Martes
20240911,2024-09-11,2024,9,Septiembre,11,3,2,Miã©rcoles
20240912,2024-09-12,2024,9,Septiembre,12,3,3,Jueves
20240913,2024-09-13,2024,9,Septiembre,13,3,4,Viernes
20240914,2024-09-14,2024,9,Septiembre,14,3,5,Sã¡bado
20240915,2024-09-15,2024,9,Septiembre,15,3,6,Domingo
20240916,2024-09-16,2024,9,Septiembre,16,3,0,Lunes
20240917,2024-09-17,2024,9,Septiembre,17,3,1,Martes
20240918,2024-09-18,2024,9,Septiembre,18,3,2,Miã©rcoles
20240919,2024-09-19,2024,9,Septiembre,19,3,3,Jueves
20240920,2024-09-20,2024,9,Septiembre,20,3,4,Viernes
20240921,2024-09-21,2024,9,Septiembre,21,3,5,Sã¡bado
20240922,2024-09-22,2024,9,Septiembre,22,3,6,Domingo
20240923,2024-09-23,2024,9,Septiembre,23,3,0,Lunes
20240924,2024-09-24,2024,9,Septiembre,24,3,1,Martes
20240925,2024-09-25,2024,9,Septiembre,25,3,2,Miã©rcoles
20240926,2024-09-26,2024,9,Septiembre,26,3,3,Jueves
20240927,2024-09-27,2024,9,Septiembre,27,3,4,Viernes
20240928,2024-09-28,2024,9,Septiembre,28,3,5,Sã¡bado
20240929,2024-09-29,2024,9,Septiembre,29,3,6,Domingo
20240930,2024-09-30,2024,9,Septiembre,30,3,0,Lunes
20241001,2024-10-01,2024,10,Octubre,1,4,1,Martes
20241002,2024-10-02,2024,10,Octubre,2,4,2,Miã©rcoles
20241003,2024-10-03,2024,10,Octubre,3,4,3,Jueves
20241004,2024-10-04,2024,10,Octubre,4,4,4,Viernes
20241005,2024-10-05,2024,10,Octubre,5,4,5,Sã¡bado
20241006,2024-10-06,2024,10,Octubre,6,4,6,Domingo
20241007,2024-10-07,2024,10,Octubre,7,4,0,Lunes
20241008,2024-10-08,2024,10,Octubre,8,4,1,Martes
20241009,2024-10-09,2024,10,Octubre,9,4,2,Miã©rcoles
20241010,2024-10-10,2024,10,Octubre,10,4,3,Jueves
20241011,2024-10-11,2024,10,Octubre,11,4,4,Viernes
20241012,2024-10-12,2024,10,Octubre,12,4,5,Sã¡bado
20241013,2024-10-13,2024,10,Octubre,13,4,6,Domingo
20241014,2024-10-14,2024,10,Octubre,14,4,0,Lunes
20241015,2024-10-15,2024,10,Octubre,15,4,1,Martes
20241016,2024-10-16,2024,10,Octubre,16,4,2,Miã©rcoles
20241017,2024-10-17,2024,10,Octubre,17,4,3,Jueves
20241018,2024-10-18,2024,10,Octubre,18,4,4,Viernes
20241019,2024-10-19,2024,10,Octubre,19,4,5,Sã¡bado
20241020,2024-10-20,2024,10,Octubre,20,4,6,Domingo
20241021,2024-10-21,2024,10,Octubre,21,4,0,Lunes
20241022,2024-10-22,2024,10,Octubre,22,4,1,Martes
20241023,2024-10-23,2024,10,Octubre,23,4,2,Miã©rcoles
20241024,2024-10-24,2024,10,Octubre,24,4,3,Jueves
20241025,2024-10-25,2024,10,Octubre,25,4,4,Viernes
20241026,2024-10-26,2024,10,Octubre,26,4,5,Sã¡bado
20241027,2024-10-27,2024,10,Octubre,27,4,6,Domingo
20241028,2024-10-28,2024,10,Octubre,28,4,0,Lunes
20241029,2024-10-29,2024,10,Octubre,29,4,1,Martes
20241030,2024-10-30,2024,10,Octubre,30,4,2,Miã©rcoles
20241031,2024-10-31,2024,10,Octubre,31,4,3,Jueves
20241101,2024-11-01,2024,11,Noviembre,1,4,4,Viernes
20241102,2024-11-02,2024,11,Noviembre,2,4,5,Sã¡bado
20241103,2024-11-03,2024,11,Noviembre,3,4,6,Domingo
20241104,2024-11-04,2024,11,Noviembre,4,4,0,Lunes
20241105,2024-11-05,2024,11,Noviembre,5,4,1,Martes
20241106,2024-11-06,2024,11,Noviembre,6,4,2,Miã©rcoles
20241107,2024-11-07,2024,11,Noviembre,7,4,3,Jueves
20241108,2024-11-08,2024,11,Noviembre,8,4,4,Viernes
20241109,2024-11-09,2024,11,Noviembre,9,4,5,Sã¡bado
20241110,2024-11-10,2024,11,Noviembre,10,4,6,Domingo
20241111,2024-11-11,2024,11,Noviembre,11,4,0,Lunes
20241112,2024-11-12,2024,11,Noviembre,12,4,1,Martes
20241113,2024-11-13,2024,11,Noviembre,13,4,2,Miã©rcoles
20241114,2024-11-14,2024,11,Noviembre,14,4,3,Jueves
20241115,2024-11-15,2024,11,Noviembre,15,4,4,Viernes
20241116,2024-11-16,2024,11,Noviembre,16,4,5,Sã¡bado
20241117,2024-11-17,2024,11,Noviembre,17,4,6,Domingo
20241118,2024-11-18,2024,11,Noviembre,18,4,0,Lunes
20241119,2024-11-19,2024,11,Noviembre,19,4,1,Martes
20241120,2024-11-20,2024,11,Noviembre,20,4,2,Miã©rcoles
20241121,2024-11-21,2024,11,Noviembre,21,4,3,Jueves
20241122,2024-11-22,2024,11,Noviembre,22,4,4,Viernes
20241123,2024-11-23,2024,11,Noviembre,23,4,5,Sã¡bado
20241124,2024-11-24,2024,11,Noviembre,24,4,6,Domingo
20241125,2024-11-25,2024,11,Noviembre,25,4,0,Lunes
20241126,2024-11-26,2024,11,Noviembre,26,4,1,Martes
20241127,2024-11-27,2024,11,Noviembre,27,4,2,Miã©rcoles
20241128,2024-11-28,2024,11,Noviembre,28,4,3,Jueves
20241129,2024-11-29,2024,11,Noviembre,29,4,4,Viernes
20241130,2024-11-30,2024,11,Noviembre,30,4,5,Sã¡bado
20241201,2024-12-01,2024,12,Diciembre,1,4,6,Domingo
20241202,2024-12-02,2024,12,Diciembre,2,4,0,Lunes
20241203,2024-12-03,2024,12,Diciembre,3,4,1,Martes
20241204,2024-12-04,2024,12,Diciembre,4,4,2,Miã©rcoles
20241205,2024-12-05,2024,12,Diciembre,5,4,3,Jueves
20241206,2024-12-06,2024,12,Diciembre,6,4,4,Viernes
20241207,2024-12-07,2024,12,Diciembre,7,4,5,Sã¡bado
20241208,2024-12-08,2024,12,Diciembre,8,4,6,Domingo
20241209,2024-12-09,2024,12,Diciembre,9,4,0,Lunes
20241210,2024-12-10,2024,12,Diciembre,10,4,1,Martes
20241211,2024-12-11,2024,12,Diciembre,11,4,2,Miã©rcoles
20241212,2024-12-12,2024,12,Diciembre,12,4,3,Jueves
20241213,2024-12-13,2024,12,Diciembre,13,4,4,Viernes
20241214,2024-12-14,2024,12,Diciembre,14,4,5,Sã¡bado
20241215,2024-12-15,2024,12,Diciembre,15,4,6,Domingo
20241216,2024-12-16,2024,12,Diciembre,16,4,0,Lunes
20241217,2024-12-17,2024,12,Diciembre,17,4,1,Martes
20241218,2024-12-18,2024,12,Diciembre,18,4,2,Miã©rcoles
20241219,2024-12-19,2024,12,Diciembre,19,4,3,Jueves
20241220,2024-12-20,2024,12,Diciembre,20,4,4,Viernes
20241221,2024-12-21,2024,12,Diciembre,21,4,5,Sã¡bado
20241222,2024-12-22,2024,12,Diciembre,22,4,6,Domingo
20241223,2024-12-23,2024,12,Diciembre,23,4,0,Lunes
20241224,2024-12-24,2024,12,Diciembre,24,4,1,Martes
20241225,2024-12-25,2024,12,Diciembre,25,4,2,Miã©rcoles
20241226,2024-12-26,2024,12,Diciembre,26,4,3,Jueves
20241227,2024-12-27,2024,12,Diciembre,27,4,4,Viernes
20241228,2024-12-28,2024,12,Diciembre,28,4,5,Sã¡bado
20241229,2024-12-29,2024,12,Diciembre,29,4,6,Domingo
20241230,2024-12-30,2024,12,Diciembre,30,4,0,Lunes
20241231,2024-12-31,2024,12,Diciembre,31,4,1,Martes
20250101,2025-01-01,2025,1,Enero,1,1,2,Miã©rcoles
20250102,2025-01-02,2025,1,Enero,2,1,3,Jueves
20250103,2025-01-03,2025,1,Enero,3,1,4,Viernes
20250104,2025-01-04,2025,1,Enero,4,1,5,Sã¡bado
20250105,2025-01-05,2025,1,Enero,5,1,6,Domingo
20250106,2025-01-06,2025,1,Enero,6,1,0,Lunes
20250107,2025-01-07,2025,1,Enero,7,1,1,Martes
20250108,2025-01-08,2025,1,Enero,8,1,2,Miã©rcoles
20250109,2025-01-09,2025,1,Enero,9,1,3,Jueves
20250110,2025-01-10,2025,1,Enero,10,1,4,Viernes
20250111,2025-01-11,2025,1,Enero,11,1,5,Sã¡bado
20250112,2025-01-12,2025,1,Enero,12,1,6,Domingo
20250113,2025-01-13,2025,1,Enero,13,1,0,Lunes
20250114,2025-01-14,2025,1,Enero,14,1,1,Martes
20250115,2025-01-15,2025,1,Enero,15,1,2,Miã©rcoles
20250116,2025-01-16,2025,1,Enero,16,1,3,Jueves
20250117,2025-01-17,2025,1,Enero,17,1,4,Viernes
20250118,2025-01-18,2025,1,Enero,18,1,5,Sã¡bado
20250119,2025-01-19,2025,1,Enero,19,1,6,Domingo
20250120,2025-01-20,2025,1,Enero,20,1,0,Lunes
20250121,2025-01-21,2025,1,Enero,21,1,1,Martes
20250122,2025-01-22,2025,1,Enero,22,1,2,Miã©rcoles
20250123,2025-01-23,2025,1,Enero,23,1,3,Jueves
20250124,2025-01-24,2025,1,Enero,24,1,4,Viernes
20250125,2025-01-25,2025,1,Enero,25,1,5,Sã¡bado
20250126,2025-01-26,2025,1,Enero,26,1,6,Domingo
20250127,2025-01-27,2025,1,Enero,27,1,0,Lunes
20250128,2025-01-28,2025,1,Enero,28,1,1,Martes
20250129,2025-01-29,2025,1,Enero,29,1,2,Miã©rcoles
20250130,2025-01-30,2025,1,Enero,30,1,3,Jueves
20250131,2025-01-31,2025,1,Enero,31,1,4,Viernes
20250201,2025-02-01,2025,2,Febrero,1,1,5,Sã¡bado
20250202,2025-02-02,2025,2,Febrero,2,1,6,Domingo
20250203,2025-02-03,2025,2,Febrero,3,1,0,Lunes
20250204,2025-02-04,2025,2,Febrero,4,1,1,Martes
20250205,2025-02-05,2025,2,Febrero,5,1,2,Miã©rcoles
20250206,2025-02-06,2025,2,Febrero,6,1,3,Jueves
20250207,2025-02-07,2025,2,Febrero,7,1,4,Viernes
20250208,2025-02-08,2025,2,Febrero,8,1,5,Sã¡bado
20250209,2025-02-09,2025,2,Febrero,9,1,6,Domingo
20250210,2025-02-10,2025,2,Febrero,10,1,0,Lunes
20250211,2025-02-11,2025,2,Febrero,11,1,1,Martes
20250212,2025-02-12,2025,2,Febrero,12,1,2,Miã©rcoles
20250213,2025-02-13,2025,2,Febrero,13,1,3,Jueves
20250214,2025-02-14,2025,2,Febrero,14,1,4,Viernes
20250215,2025-02-15,2025,2,Febrero,15,1,5,Sã¡bado
20250216,2025-02-16,2025,2,Febrero,16,1,6,Domingo
20250217,2025-02-17,2025,2,Febrero,17,1,0,Lunes
20250218,2025-02-18,2025,2,Febrero,18,1,1,Martes
20250219,2025-02-19,2025,2,Febrero,19,1,2,Miã©rcoles
20250220,2025-02-20,2025,2,Febrero,20,1,3,Jueves
20250221,2025-02-21,2025,2,Febrero,21,1,4,Viernes
20250222,2025-02-22,2025,2,Febrero,22,1,5,Sã¡bado
20250223,2025-02-23,2025,2,Febrero,23,1,6,Domingo
20250224,2025-02-24,2025,2,Febrero,24,1,0,Lunes
20250225,2025-02-25,2025,2,Febrero,25,1,1,Martes
20250226,2025-02-26,2025,2,Febrero,26,1,2,Miã©rcoles
20250227,2025-02-27,2025,2,Febrero,27,1,3,Jueves
20250228,2025-02-28,2025,2,Febrero,28,1,4,Viernes
20250301,2025-03-01,2025,3,Marzo,1,1,5,Sã¡bado
20250302,2025-03-02,2025,3,Marzo,2,1,6,Domingo
20250303,2025-03-03,2025,3,Marzo,3,1,0,Lunes
20250304,2025-03-04,2025,3,Marzo,4,1,1,Martes
20250305,2025-03-05,2025,3,Marzo,5,1,2,Miã©rcoles
20250306,2025-03-06,2025,3,Marzo,6,1,3,Jueves
20250307,2025-03-07,2025,3,Marzo,7,1,4,Viernes
20250308,2025-03-08,2025,3,Marzo,8,1,5,Sã¡bado
20250309,2025-03-09,2025,3,Marzo,9,1,6,Domingo
20250310,2025-03-10,2025,3,Marzo,10,1,0,Lunes
20250311,2025-03-11,2025,3,Marzo,11,1,1,Martes
20250312,2025-03-12,2025,3,Marzo,12,1,2,Miã©rcoles
20250313,2025-03-13,2025,3,Marzo,13,1,3,Jueves
20250314,2025-03-14,2025,3,Marzo,14,1,4,Viernes
20250315,2025-03-15,2025,3,Marzo,15,1,5,Sã¡bado
20250316,2025-03-16,2025,3,Marzo,16,1,6,Domingo
20250317,2025-03-17,2025,3,Marzo,17,1,0,Lunes
20250318,2025-03-18,2025,3,Marzo,18,1,1,Martes
20250319,2025-03-19,2025,3,Marzo,19,1,2,Miã©rcoles
20250320,2025-03-20,2025,3,Marzo,20,1,3,Jueves
20250321,2025-03-21,2025,3,Marzo,21,1,4,Viernes
20250322,2025-03-22,2025,3,Marzo,22,1,5,Sã¡bado
20250323,2025-03-23,2025,3,Marzo,23,1,6,Domingo
20250324,2025-03-24,2025,3,Marzo,24,1,0,Lunes
20250325,2025-03-25,2025,3,Marzo,25,1,1,Martes
20250326,2025-03-26,2025,3,Marzo,26,1,2,Miã©rcoles
20250327,2025-03-27,2025,3,Marzo,27,1,3,Jueves
20250328,2025-03-28,2025,3,Marzo,28,1,4,Viernes
20250329,2025-03-29,2025,3,Marzo,29,1,5,Sã¡bado
20250330,2025-03-30,2025,3,Marzo,30,1,6,Domingo
20250331,2025-03-31,2025,3,Marzo,31,1,0,Lunes
20250401,2025-04-01,2025,4,Abril,1,2,1,Martes
20250402,2025-04-02,2025,4,Abril,2,2,2,Miã©rcoles
20250403,2025-04-03,2025,4,Abril,3,2,3,Jueves
20250404,2025-04-04,2025,4,Abril,4,2,4,Viernes
20250405,2025-04-05,2025,4,Abril,5,2,5,Sã¡bado
20250406,2025-04-06,2025,4,Abril,6,2,6,Domingo
20250407,2025-04-07,2025,4,Abril,7,2,0,Lunes
20250408,2025-04-08,2025,4,Abril,8,2,1,Martes
20250409,2025-04-09,2025,4,Abril,9,2,2,Miã©rcoles
20250410,2025-04-10,2025,4,Abril,10,2,3,Jueves
20250411,2025-04-11,2025,4,Abril,11,2,4,Viernes
20250412,2025-04-12,2025,4,Abril,12,2,5,Sã¡bado
20250413,2025-04-13,2025,4,Abril,13,2,6,Domingo
20250414,2025-04-14,2025,4,Abril,14,2,0,Lunes
20250415,2025-04-15,2025,4,Abril,15,2,1,Martes
20250416,2025-04-16,2025,4,Abril,16,2,2,Miã©rcoles
20250417,2025-04-17,2025,4,Abril,17,2,3,Jueves
20250418,2025-04-18,2025,4,Abril,18,2,4,Viernes
20250419,2025-04-19,2025,4,Abril,19,2,5,Sã¡bado
20250420,2025-04-20,2025,4,Abril,20,2,6,Domingo
20250421,2025-04-21,2025,4,Abril,21,2,0,Lunes
20250422,2025-04-22,2025,4,Abril,22,2,1,Martes
20250423,2025-04-23,2025,4,Abril,23,2,2,Miã©rcoles
20250424,2025-04-24,2025,4,Abril,24,2,3,Jueves
20250425,2025-04-25,2025,4,Abril,25,2,4,Viernes
20250426,2025-04-26,2025,4,Abril,26,2,5,Sã¡bado
20250427,2025-04-27,2025,4,Abril,27,2,6,Domingo
20250428,2025-04-28,2025,4,Abril,28,2,0,Lunes
20250429,2025-04-29,2025,4,Abril,29,2,1,Martes
20250430,2025-04-30,2025,4,Abril,30,2,2,Miã©rcoles
20250501,2025-05-01,2025,5,Mayo,1,2,3,Jueves
20250502,2025-05-02,2025,5,Mayo,2,2,4,Viernes
20250503,2025-05-03,2025,5,Mayo,3,2,5,Sã¡bado
20250504,2025-05-04,2025,5,Mayo,4,2,6,Domingo
20250505,2025-05-05,2025,5,Mayo,5,2,0,Lunes
20250506,2025-05-06,2025,5,Mayo,6,2,1,Martes
20250507,2025-05-07,2025,5,Mayo,7,2,2,Miã©rcoles
20250508,2025-05-08,2025,5,Mayo,8,2,3,Jueves
20250509,2025-05-09,2025,5,Mayo,9,2,4,Viernes
20250510,2025-05-10,2025,5,Mayo,10,2,5,Sã¡bado
20250511,2025-05-11,2025,5,Mayo,11,2,6,Domingo
20250512,2025-05-12,2025,5,Mayo,12,2,0,Lunes
20250513,2025-05-13,2025,5,Mayo,13,2,1,Martes
20250514,2025-05-14,2025,5,Mayo,14,2,2,Miã©rcoles
20250515,2025-05-15,2025,5,Mayo,15,2,3,Jueves
20250516,2025-05-16,2025,5,Mayo,16,2,4,Viernes
20250517,2025-05-17,2025,5,Mayo,17,2,5,Sã¡bado
20250518,2025-05-18,2025,5,Mayo,18,2,6,Domingo
20250519,2025-05-19,2025,5,Mayo,19,2,0,Lunes
20250520,2025-05-20,2025,5,Mayo,20,2,1,Martes
20250521,2025-05-21,2025,5,Mayo,21,2,2,Miã©rcoles
20250522,2025-05-22,2025,5,Mayo,22,2,3,Jueves
20250523,2025-05-23,2025,5,Mayo,23,2,4,Viernes
20250524,2025-05-24,2025,5,Mayo,24,2,5,Sã¡bado
20250525,2025-05-25,2025,5,Mayo,25,2,6,Domingo
20250526,2025-05-26,2025,5,Mayo,26,2,0,Lunes
20250527,2025-05-27,2025,5,Mayo,27,2,1,Martes
20250528,2025-05-28,2025,5,Mayo,28,2,2,Miã©rcoles
20250529,2025-05-29,2025,5,Mayo,29,2,3,Jueves
20250530,2025-05-30,2025,5,Mayo,30,2,4,Viernes
20250531,2025-05-31,2025,5,Mayo,31,2,5,Sã¡bado
20250601,2025-06-01,2025,6,Junio,1,2,6,Domingo
20250602,2025-06-02,2025,6,Junio,2,2,0,Lunes
20250603,2025-06-03,2025,6,Junio,3,2,1,Martes
20250604,2025-06-04,2025,6,Junio,4,2,2,Miã©rcoles
20250605,2025-06-05,2025,6,Junio,5,2,3,Jueves
20250606,2025-06-06,2025,6,Junio,6,2,4,Viernes
20250607,2025-06-07,2025,6,Junio,7,2,5,Sã¡bado
20250608,2025-06-08,2025,6,Junio,8,2,6,Domingo
20250609,2025-06-09,2025,6,Junio,9,2,0,Lunes
20250610,2025-06-10,2025,6,Junio,10,2,1,Martes
20250611,2025-06-11,2025,6,Junio,11,2,2,Miã©rcoles
20250612,2025-06-12,2025,6,Junio,12,2,3,Jueves
20250613,2025-06-13,2025,6,Junio,13,2,4,Viernes
20250614,2025-06-14,2025,6,Junio,14,2,5,Sã¡bado
20250615,2025-06-15,2025,6,Junio,15,2,6,Domingo
20250616,2025-06-16,2025,6,Junio,16,2,0,Lunes
20250617,2025-06-17,2025,6,Junio,17,2,1,Martes
20250618,2025-06-18,2025,6,Junio,18,2,2,Miã©rcoles
20250619,2025-06-19,2025,6,Junio,19,2,3,Jueves
20250620,2025-06-20,2025,6,Junio,20,2,4,Viernes
20250621,2025-06-21,2025,6,Junio,21,2,5,Sã¡bado
20250622,2025-06-22,2025,6,Junio,22,2,6,Domingo
20250623,2025-06-23,2025,6,Junio,23,2,0,Lunes
20250624,2025-06-24,2025,6,Junio,24,2,1,Martes
20250625,2025-06-25,2025,6,Junio,25,2,2,Miã©rcoles
20250626,2025-06-26,2025,6,Junio,26,2,3,Jueves
20250627,2025-06-27,2025,6,Junio,27,2,4,Viernes
20250628,2025-06-28,2025,6,Junio,28,2,5,Sã¡bado
20250629,2025-06-29,2025,6,Junio,29,2,6,Domingo
20250630,2025-06-30,2025,6,Junio,30,2,0,Lunes
20250701,2025-07-01,2025,7,Julio,1,3,1,Martes
20250702,2025-07-02,2025,7,Julio,2,3,2,Miã©rcoles
20250703,2025-07-03,2025,7,Julio,3,3,3,Jueves
20250704,2025-07-04,2025,7,Julio,4,3,4,Viernes
20250705,2025-07-05,2025,7,Julio,5,3,5,Sã¡bado
20250706,2025-07-06,2025,7,Julio,6,3,6,Domingo
20250707,2025-07-07,2025,7,Julio,7,3,0,Lunes
20250708,2025-07-08,2025,7,Julio,8,3,1,Martes
20250709,2025-07-09,2025,7,Julio,9,3,2,Miã©rcoles
20250710,2025-07-10,2025,7,Julio,10,3,3,Jueves
20250711,2025-07-11,2025,7,Julio,11,3,4,Viernes
20250712,2025-07-12,2025,7,Julio,12,3,5,Sã¡bado
20250713,2025-07-13,2025,7,Julio,13,3,6,Domingo
20250714,2025-07-14,2025,7,Julio,14,3,0,Lunes
20250715,2025-07-15,2025,7,Julio,15,3,1,Martes
20250716,2025-07-16,2025,7,Julio,16,3,2,Miã©rcoles
20250717,2025-07-17,2025,7,Julio,17,3,3,Jueves
20250718,2025-07-18,2025,7,Julio,18,3,4,Viernes
20250719,2025-07-19,2025,7,Julio,19,3,5,Sã¡bado
20250720,2025-07-20,2025,7,Julio,20,3,6,Domingo
20250721,2025-07-21,2025,7,Julio,21,3,0,Lunes
20250722,2025-07-22,2025,7,Julio,22,3,1,Martes
20250723,2025-07-23,2025,7,Julio,23,3,2,Miã©rcoles
20250724,2025-07-24,2025,7,Julio,24,3,3,Jueves
20250725,2025-07-25,2025,7,Julio,25,3,4,Viernes
20250726,2025-07-26,2025,7,Julio,26,3,5,Sã¡bado
20250727,2025-07-27,2025,7,Julio,27,3,6,Domingo
20250728,2025-07-28,2025,7,Julio,28,3,0,Lunes
20250729,2025-07-29,2025,7,Julio,29,3,1,Martes
20250730,2025-07-30,2025,7,Julio,30,3,2,Miã©rcoles
20250731,2025-07-31,2025,7,Julio,31,3,3,Jueves
20250801,2025-08-01,2025,8,Agosto,1,3,4,Viernes
20250802,2025-08-02,2025,8,Agosto,2,3,5,Sã¡bado
20250803,2025-08-03,2025,8,Agosto,3,3,6,Domingo
20250804,2025-08-04,2025,8,Agosto,4,3,0,Lunes
20250805,2025-08-05,2025,8,Agosto,5,3,1,Martes
20250806,2025-08-06,2025,8,Agosto,6,3,2,Miã©rcoles
20250807,2025-08-07,2025,8,Agosto,7,3,3,Jueves
20250808,2025-08-08,2025,8,Agosto,8,3,4,Viernes
20250809,2025-08-09,2025,8,Agosto,9,3,5,Sã¡bado
20250810,2025-08-10,2025,8,Agosto,10,3,6,Domingo
20250811,2025-08-11,2025,8,Agosto,11,3,0,Lunes
20250812,2025-08-12,2025,8,Agosto,12,3,1,Martes
20250813,2025-08-13,2025,8,Agosto,13,3,2,Miã©rcoles
20250814,2025-08-14,2025,8,Agosto,14,3,3,Jueves
20250815,2025-08-15,2025,8,Agosto,15,3,4,Viernes
20250816,2025-08-16,2025,8,Agosto,16,3,5,Sã¡bado
20250817,2025-08-17,2025,8,Agosto,17,3,6,Domingo
20250818,2025-08-18,2025,8,Agosto,18,3,0,Lunes
20250819,2025-08-19,2025,8,Agosto,19,3,1,Martes
20250820,2025-08-20,2025,8,Agosto,20,3,2,Miã©rcoles
20250821,2025-08-21,2025,8,Agosto,21,3,3,Jueves
20250822,2025-08-22,2025,8,Agosto,22,3,4,Viernes
20250823,2025-08-23,2025,8,Agosto,23,3,5,Sã¡bado
20250824,2025-08-24,2025,8,Agosto,24,3,6,Domingo
20250825,2025-08-25,2025,8,Agosto,25,3,0,Lunes
20250826,2025-08-26,2025,8,Agosto,26,3,1,Martes
20250827,2025-08-27,2025,8,Agosto,27,3,2,Miã©rcoles
20250828,2025-08-28,2025,8,Agosto,28,3,3,Jueves
20250829,2025-08-29,2025,8,Agosto,29,3,4,Viernes
20250830,2025-08-30,2025,8,Agosto,30,3,5,Sã¡bado
20250831,2025-08-31,2025,8,Agosto,31,3,6,Domingo
20250901,2025-09-01,2025,9,Septiembre,1,3,0,Lunes
20250902,2025-09-02,2025,9,Septiembre,2,3,1,Martes
20250903,2025-09-03,2025,9,Septiembre,3,3,2,Miã©rcoles
20250904,2025-09-04,2025,9,Septiembre,4,3,3,Jueves
20250905,2025-09-05,2025,9,Septiembre,5,3,4,Viernes
20250906,2025-09-06,2025,9,Septiembre,6,3,5,Sã¡bado
20250907,2025-09-07,2025,9,Septiembre,7,3,6,Domingo
20250908,2025-09-08,2025,9,Septiembre,8,3,0,Lunes
20250909,2025-09-09,2025,9,Septiembre,9,3,1,Martes
20250910,2025-09-10,2025,9,Septiembre,10,3,2,Miã©rcoles
20250911,2025-09-11,2025,9,Septiembre,11,3,3,Jueves
20250912,2025-09-12,2025,9,Septiembre,12,3,4,Viernes
20250913,2025-09-13,2025,9,Septiembre,13,3,5,Sã¡bado
20250914,2025-09-14,2025,9,Septiembre,14,3,6,Domingo
20250915,2025-09-15,2025,9,Septiembre,15,3,0,Lunes
20250916,2025-09-16,2025,9,Septiembre,16,3,1,Martes
20250917,2025-09-17,2025,9,Septiembre,17,3,2,Miã©rcoles
20250918,2025-09-18,2025,9,Septiembre,18,3,3,Jueves
20250919,2025-09-19,2025,9,Septiembre,19,3,4,Viernes
20250920,2025-09-20,2025,9,Septiembre,20,3,5,Sã¡bado
20250921,2025-09-21,2025,9,Septiembre,21,3,6,Domingo
20250922,2025-09-22,2025,9,Septiembre,22,3,0,Lunes
20250923,2025-09-23,2025,9,Septiembre,23,3,1,Martes
20250924,2025-09-24,2025,9,Septiembre,24,3,2,Miã©rcoles
20250925,2025-09-25,2025,9,Septiembre,25,3,3,Jueves
20250926,2025-09-26,2025,9,Septiembre,26,3,4,Viernes
20250927,2025-09-27,2025,9,Septiembre,27,3,5,Sã¡bado
20250928,2025-09-28,2025,9,Septiembre,28,3,6,Domingo
20250929,2025-09-29,2025,9,Septiembre,29,3,0,Lunes
20250930,2025-09-30,2025,9,Septiembre,30,3,1,Martes
20251001,2025-10-01,2025,10,Octubre,1,4,2,Miã©rcoles
20251002,2025-10-02,2025,10,Octubre,2,4,3,Jueves
20251003,2025-10-03,2025,10,Octubre,3,4,4,Viernes
20251004,2025-10-04,2025,10,Octubre,4,4,5,Sã¡bado
20251005,2025-10-05,2025,10,Octubre,5,4,6,Domingo
20251006,2025-10-06,2025,10,Octubre,6,4,0,Lunes
20251007,2025-10-07,2025,10,Octubre,7,4,1,Martes
20251008,2025-10-08,2025,10,Octubre,8,4,2,Miã©rcoles
20251009,2025-10-09,2025,10,Octubre,9,4,3,Jueves
20251010,2025-10-10,2025,10,Octubre,10,4,4,Viernes
20251011,2025-10-11,2025,10,Octubre,11,4,5,Sã¡bado
20251012,2025-10-12,2025,10,Octubre,12,4,6,Domingo
20251013,2025-10-13,2025,10,Octubre,13,4,0,Lunes
20251014,2025-10-14,2025,10,Octubre,14,4,1,Martes
20251015,2025-10-15,2025,10,Octubre,15,4,2,Miã©rcoles
20251016,2025-10-16,2025,10,Octubre,16,4,3,Jueves
20251017,2025-10-17,2025,10,Octubre,17,4,4,Viernes
20251018,2025-10-18,2025,10,Octubre,18,4,5,Sã¡bado
20251019,2025-10-19,2025,10,Octubre,19,4,6,Domingo
20251020,2025-10-20,2025,10,Octubre,20,4,0,Lunes
20251021,2025-10-21,2025,10,Octubre,21,4,1,Martes
20251022,2025-10-22,2025,10,Octubre,22,4,2,Miã©rcoles
20251023,2025-10-23,2025,10,Octubre,23,4,3,Jueves
20251024,2025-10-24,2025,10,Octubre,24,4,4,Viernes
20251025,2025-10-25,2025,10,Octubre,25,4,5,Sã¡bado
20251026,2025-10-26,2025,10,Octubre,26,4,6,Domingo
20251027,2025-10-27,2025,10,Octubre,27,4,0,Lunes
20251028,2025-10-28,2025,10,Octubre,28,4,1,Martes
20251029,2025-10-29,2025,10,Octubre,29,4,2,Miã©rcoles
20251030,2025-10-30,2025,10,Octubre,30,4,3,Jueves
20251031,2025-10-31,2025,10,Octubre,31,4,4,Viernes
20251101,2025-11-01,2025,11,Noviembre,1,4,5,Sã¡bado
20251102,2025-11-02,2025,11,Noviembre,2,4,6,Domingo
20251103,2025-11-03,2025,11,Noviembre,3,4,0,Lunes
20251104,2025-11-04,2025,11,Noviembre,4,4,1,Martes
20251105,2025-11-05,2025,11,Noviembre,5,4,2,Miã©rcoles
20251106,2025-11-06,2025,11,Noviembre,6,4,3,Jueves
20251107,2025-11-07,2025,11,Noviembre,7,4,4,Viernes
20251108,2025-11-08,2025,11,Noviembre,8,4,5,Sã¡bado
20251109,2025-11-09,2025,11,Noviembre,9,4,6,Domingo
20251110,2025-11-10,2025,11,Noviembre,10,4,0,Lunes
20251111,2025-11-11,2025,11,Noviembre,11,4,1,Martes
20251112,2025-11-12,2025,11,Noviembre,12,4,2,Miã©rcoles
20251113,2025-11-13,2025,11,Noviembre,13,4,3,Jueves
20251114,2025-11-14,2025,11,Noviembre,14,4,4,Viernes
20251115,2025-11-15,2025,11,Noviembre,15,4,5,Sã¡bado
20251116,2025-11-16,2025,11,Noviembre,16,4,6,Domingo
20251117,2025-11-17,2025,11,Noviembre,17,4,0,Lunes
20251118,2025-11-18,2025,11,Noviembre,18,4,1,Martes
20251119,2025-11-19,2025,11,Noviembre,19,4,2,Miã©rcoles
20251120,2025-11-20,2025,11,Noviembre,20,4,3,Jueves
20251121,2025-11-21,2025,11,Noviembre,21,4,4,Viernes
20251122,2025-11-22,2025,11,Noviembre,22,4,5,Sã¡bado
20251123,2025-11-23,2025,11,Noviembre,23,4,6,Domingo
20251124,2025-11-24,2025,11,Noviembre,24,4,0,Lunes
20251125,2025-11-25,2025,11,Noviembre,25,4,1,Martes
20251126,2025-11-26,2025,11,Noviembre,26,4,2,Miã©rcoles
20251127,2025-11-27,2025,11,Noviembre,27,4,3,Jueves
20251128,2025-11-28,2025,11,Noviembre,28,4,4,Viernes
20251129,2025-11-29,2025,11,Noviembre,29,4,5,Sã¡bado
20251130,2025-11-30,2025,11,Noviembre,30,4,6,Domingo
20251201,2025-12-01,2025,12,Diciembre,1,4,0,Lunes
20251202,2025-12-02,2025,12,Diciembre,2,4,1,Martes
20251203,2025-12-03,2025,12,Diciembre,3,4,2,Miã©rcoles
20251204,2025-12-04,2025,12,Diciembre,4,4,3,Jueves
20251205,2025-12-05,2025,12,Diciembre,5,4,4,Viernes
20251206,2025-12-06,2025,12,Diciembre,6,4,5,Sã¡bado
20251207,2025-12-07,2025,12,Diciembre,7,4,6,Domingo
20251208,2025-12-08,2025,12,Diciembre,8,4,0,Lunes
20251209,2025-12-09,2025,12,Diciembre,9,4,1,Martes
20251210,2025-12-10,2025,12,Diciembre,10,4,2,Miã©rcoles
20251211,2025-12-11,2025,12,Diciembre,11,4,3,Jueves
20251212,2025-12-12,2025,12,Diciembre,12,4,4,Viernes
20251213,2025-12-13,2025,12,Diciembre,13,4,5,Sã¡bado
20251214,2025-12-14,2025,12,Diciembre,14,4,6,Domingo
20251215,2025-12-15,2025,12,Diciembre,15,4,0,Lunes
20251216,2025-12-16,2025,12,Diciembre,16,4,1,Martes
20251217,2025-12-17,2025,12,Diciembre,17,4,2,Miã©rcoles
20251218,2025-12-18,2025,12,Diciembre,18,4,3,Jueves
20251219,2025-12-19,2025,12,Diciembre,19,4,4,Viernes
20251220,2025-12-20,2025,12,Diciembre,20,4,5,Sã¡bado
20251221,2025-12-21,2025,12,Diciembre,21,4,6,Domingo
20251222,2025-12-22,2025,12,Diciembre,22,4,0,Lunes
20251223,2025-12-23,2025,12,Diciembre,23,4,1,Martes
20251224,2025-12-24,2025,12,Diciembre,24,4,2,Miã©rcoles
20251225,2025-12-25,2025,12,Diciembre,25,4,3,Jueves
20251226,2025-12-26,2025,12,Diciembre,26,4,4,Viernes
20251227,2025-12-27,2025,12,Diciembre,27,4,5,Sã¡bado
20251228,2025-12-28,2025,12,Diciembre,28,4,6,Domingo
20251229,2025-12-29,2025,12,Diciembre,29,4,0,Lunes
20251230,2025-12-30,2025,12,Diciembre,30,4,1,Martes
20251231,2025-12-31,2025,12,Diciembre,31,4,2,Miã©rcoles
